date,platform,impression,clicks,spend,attributed revenue,ROAS,CTR,CPC,CPM
2025-05-16,Facebook,1475903,19638,15440.67,40775.59,2.6407914941514843,1.3305752478313277,0.7862648945921173,10.461846069829791
2025-05-16,Google,2033462,83448,12669.470000000001,36422.52,2.874825860908151,4.1037403206944605,0.15182472917265843,6.23049262784355
2025-05-16,TikTok,1432113,22237,11997.119999999999,33083.74,2.757640166973407,1.5527406007766147,0.5395116247695282,8.377216043706047
2025-05-17,Facebook,1677399,21777,17210.84,42695.57,2.4807371400814833,1.2982599846548137,0.7903218992515039,10.260432967946208
2025-05-17,Google,1905351,79998,13250.04,39544.909999999996,2.9845124995849064,4.1985964790739345,0.16562964074101855,6.954120264455211
2025-05-17,TikTok,1462304,22458,11222.08,32161.149999999998,2.865881369585674,1.5357955664485634,0.4996918692670763,7.67424557410771
2025-05-18,Facebook,1687499,23297,17492.64,46380.880000000005,2.6514511245872554,1.3805637810748332,0.7508537579945915,10.36601503171261
2025-05-18,Google,1880528,76834,12191.8,40701.78,3.338455355238767,4.08576740149575,0.15867714813754327,6.483179192226864
2025-05-18,TikTok,1689160,25233,13274.73,36594.92,2.756735541890494,1.4938194131994602,0.5260860777553203,7.858775959648583
2025-05-19,Facebook,1600554,21285,16296.34,42482.04,2.6068454634598934,1.3298520387315893,0.7656255579046277,10.181687090844795
2025-05-19,Google,1679868,70965,12085.4,37043.71,3.0651620964138546,4.224439063069242,0.17030085253293878,7.194255739141409
2025-05-19,TikTok,1487766,23141,11556.3,31943.61,2.7641727888684096,1.5554193334166797,0.4993863705112138,7.767552155379272
2025-05-20,Facebook,1642554,21760,14728.15,39414.45,2.6761304033432576,1.324766187291255,0.6768451286764706,8.966615405033869
2025-05-20,Google,1846924,68390,8239.23,23916.8,2.9027955282229043,3.702913601209362,0.12047419213335282,4.4610552464530215
2025-05-20,TikTok,1321766,18956,10250.380000000001,28846.97,2.814234204000242,1.434141898036415,0.5407459379615953,7.755064058237238
2025-05-21,Facebook,1734795,23840,18150.58,46508.97,2.5623958022278073,1.374225773074052,0.7613498322147652,10.462665617551355
2025-05-21,Google,1907229,75837,13044.49,38782.11,2.9730644892977804,3.9762923067969287,0.17200693592837268,6.839498560477006
2025-05-21,TikTok,1545500,22756,11606.07,32778.01,2.824212674919245,1.4724037528307992,0.5100224116716471,7.509589129731479
2025-05-22,Facebook,1858669,25347,15581.33,40043.08,2.569939793329581,1.363717800210796,0.6147208742651991,8.383057983965946
2025-05-22,Google,1807037,74245,9501.57,29695.73,3.1253498106102464,4.1086596455966315,0.1279758906323658,5.258093774504894
2025-05-22,TikTok,1394802,20474,10031.68,28759.68,2.8668857060831288,1.4678785949546962,0.489971671388102,7.192189285647712
2025-05-23,Facebook,1662268,22306,17741.35,44653.05,2.516891330141168,1.3419015465616855,0.7953622343764009,10.672978123864501
2025-05-23,Google,1878314,77937,11281.710000000001,35812.92,3.174423026296545,4.149306239531835,0.14475422456599563,6.006296071902781
2025-05-23,TikTok,1235730,17952,9246.03,26594.03,2.8762647319984898,1.452744531572431,0.5150417780748664,7.482241266296036
2025-05-24,Facebook,1814306,23800,20450.54,51635.81,2.524911811619644,1.3117963562927093,0.8592663865546218,11.271825149671555
2025-05-24,Google,2338448,87491,16672.559999999998,48831.380000000005,2.9288471596443504,3.7414131081811526,0.19056314363763127,7.1297544354204145
2025-05-24,TikTok,1312123,19457,9958.19,26860.3,2.697307442416744,1.4828640302776492,0.5118050059104693,7.589372337806746
2025-05-25,Facebook,1895796,27089,17109.46,45619.490000000005,2.6663313745728976,1.428898467978622,0.6316017571708074,9.024947831939722
2025-05-25,Google,1618717,65437,9933.56,28777.52,2.896999665779439,4.042522565710993,0.15180341397068936,6.13668726528479
2025-05-25,TikTok,1228294,18770,11440.78,31566.91,2.759157155368777,1.5281357720545734,0.6095247735748536,9.314366104531977
2025-05-26,Facebook,1644416,22111,17864.7,44773.07,2.5062312829210676,1.3446110959757143,0.8079553163583737,10.863856834280377
2025-05-26,Google,2044846,85942,15042.199999999999,45460.51,3.0221982156865357,4.202859286224977,0.17502734402271297,7.3561529816915305
2025-05-26,TikTok,1272066,19509,8944.52,25378.670000000002,2.8373428646813914,1.5336468390791045,0.4584817263826952,7.031490504423513
2025-05-27,Facebook,1473003,19623,15354.36,40557.05,2.641402832811006,1.3321765128787926,0.7824675126127504,10.423848423933963
2025-05-27,Google,2059053,82161,12996.69,38303.0,2.9471350012964836,3.9902324029541734,0.15818563552050244,6.311974485358075
2025-05-27,TikTok,1293611,19181,9171.33,25628.67,2.7944333046570127,1.4827486779255896,0.4781466034096241,7.089712440602314
2025-05-28,Facebook,2195486,28650,22933.64,60103.03,2.620736612242976,1.3049502479177733,0.8004760907504362,10.445814730770318
2025-05-28,Google,1933361,79491,11975.720000000001,35330.2,2.95015247517477,4.111544610654709,0.15065504270923755,6.194249289191207
2025-05-28,TikTok,1380454,20748,11276.07,30980.0,2.747411110431205,1.5029838009814163,0.5434774436090225,8.168377939431519
2025-05-29,Facebook,1889969,26086,17945.64,51222.71,2.854326176163124,1.380234278974946,0.6879414245188991,9.4952033604784
2025-05-29,Google,2245351,91001,14678.01,45382.84,3.0918932471091107,4.0528630044923935,0.16129504071383832,6.537067033172097
2025-05-29,TikTok,1398315,20832,11936.75,33013.47,2.765700043981821,1.489793072376396,0.5730006720430108,8.536524316766965
2025-05-30,Facebook,1881567,25882,21853.42,56279.19,2.5753035451659287,1.3755555874438699,0.8443481956572134,11.6144787828443
2025-05-30,Google,2119787,82834,13900.16,42726.52,3.0738149776693215,3.9076567598537024,0.1678074220730618,6.5573380721742325
2025-05-30,TikTok,1294821,20018,11223.81,30421.31,2.710426316910212,1.5460052007188638,0.560685882705565,8.668232906324503
2025-05-31,Facebook,1970971,26014,19538.88,48808.11,2.497999373556724,1.3198570653753912,0.7510909510263705,9.913326984516768
2025-05-31,Google,2181961,96753,14261.39,45057.53,3.1594066216546914,4.43422224320233,0.14739997726168697,6.536042578212901
2025-05-31,TikTok,1367170,21085,10986.25,31537.89,2.870669245647969,1.5422368834892515,0.521045767133033,8.035760000585151
2025-06-01,Facebook,1550987,21220,14544.8,37540.74,2.581042021890985,1.3681610484162665,0.6854288407163054,9.377770413291666
2025-06-01,Google,2656182,115515,19515.7,62804.29,3.2181418037784963,4.348911332130102,0.16894515863740642,7.347275149067346
2025-06-01,TikTok,1529877,24316,11330.96,33275.68,2.9367043922138993,1.5894088217549514,0.46598782694522123,7.406451629771543
2025-06-02,Facebook,1875244,25943,19793.6,51274.130000000005,2.5904398391399246,1.3834466341446767,0.7629649616466869,10.555213081604313
2025-06-02,Google,2431267,103246,14527.65,44815.15,3.084817572009238,4.24659241457232,0.1407090831606067,5.975341252112581
2025-06-02,TikTok,1599696,23795,11786.550000000001,33248.4,2.820876337859679,1.4874701193226714,0.4953372557259929,7.367993668797072
2025-06-03,Facebook,1763014,24590,18187.96,49315.66,2.711445373752747,1.3947705463484692,0.7396486376575844,10.316401344515699
2025-06-03,Google,2230394,95081,16903.6,51394.229999999996,3.0404310324427932,4.262968784887334,0.1777810498417139,7.578750660197255
2025-06-03,TikTok,1899100,28321,16141.08,43975.7,2.7244583385993995,1.4912853456900637,0.5699332650683239,8.49933126217682
2025-06-04,Facebook,2077409,27733,20694.75,53614.32,2.5907208349943827,1.334980256656248,0.7462138968016443,9.961808194727181
2025-06-04,Google,2306978,99256,12344.24,40566.11,3.286237953895906,4.302425077308929,0.12436769565567825,5.350826925961149
2025-06-04,TikTok,1679443,26453,13785.98,39014.29,2.82999757724877,1.5751055558301177,0.5211499640872491,8.208662038544922
2025-06-05,Facebook,1828871,25849,19877.809999999998,51215.65,2.5765237719849425,1.4133856351814862,0.7689972532786568,10.868896712780725
2025-06-05,Google,2060287,86394,13247.17,40585.67,3.0637237991208686,4.193299283061049,0.153334375072343,6.429769250594699
2025-06-05,TikTok,1632773,24671,14258.560000000001,41430.11,2.9056307228780462,1.5109877490624846,0.5779481982894897,8.732726472081545
2025-06-06,Facebook,2106135,27672,23023.78,59690.92,2.5925768922392414,1.3138758911465789,0.8320244290257299,10.931768381419044
2025-06-06,Google,2389551,94437,16026.64,46411.020000000004,2.8958671312265083,3.952081374283286,0.1697072122155511,6.706967124786204
2025-06-06,TikTok,1463636,22109,12749.84,36654.36,2.8748878417297785,1.5105531703237691,0.5766809896422271,8.711072971695149
2025-06-07,Facebook,2137730,29275,19443.52,51955.67,2.6721329265482794,1.3694432879736917,0.6641680614859095,9.09540493888377
2025-06-07,Google,2475095,93205,15202.73,44811.58,2.947600858530014,3.765714043299348,0.16311067002843194,6.142281407380323
2025-06-07,TikTok,1242993,18515,10125.51,29485.61,2.9120123332059324,1.489549820473647,0.5468814474750202,8.146071619067847
2025-06-08,Facebook,2159143,29714,19597.98,51055.9,2.6051613482614027,1.376194165926018,0.6595537457090933,9.076740169595066
2025-06-08,Google,2681840,112855,15928.72,48310.4,3.0329116212727705,4.208118306834114,0.1411432368969031,5.939474390716821
2025-06-08,TikTok,1642063,24882,10991.53,31779.57,2.8912781023206047,1.515288999264949,0.4417462422634837,6.693732213684859
2025-06-09,Facebook,2021627,27315,19312.14,51243.22,2.65342007669787,1.3511394535193681,0.7070159253157605,9.552771109606272
2025-06-09,Google,2390761,101934,17829.22,55818.86,3.1307516537459295,4.2636633272836555,0.17490945121353033,7.45755012734439
2025-06-09,TikTok,1762025,26910,15541.65,46273.61,2.977393648679516,1.5272201018714264,0.5775418060200669,8.82033455824974
2025-06-10,Facebook,1978585,27447,19202.17,53349.479999999996,2.778304743682615,1.3872034812757603,0.6996090647429591,9.705001301435116
2025-06-10,Google,1616004,69277,10381.06,31959.3,3.0786162492076916,4.286932458087975,0.14984857889342781,6.423907366565924
2025-06-10,TikTok,1459745,21530,11286.08,30626.829999999998,2.713681809804644,1.4749151392880264,0.5242025081281932,7.731542152910269
2025-06-11,Facebook,1610079,22446,17013.56,44244.76,2.6005586132473155,1.3940930848734752,0.7579773679051948,10.5669100708723
2025-06-11,Google,3103060,130189,19819.89,59644.11,3.0093058034126328,4.195503793030106,0.15223935970012828,6.387208110703628
2025-06-11,TikTok,1887816,27356,14669.86,41314.37,2.8162756836125227,1.449081902049776,0.5362574937856412,7.770810290833429
2025-06-12,Facebook,1843773,24458,17842.25,48411.04,2.71328111645112,1.3265190454573312,0.729505683212037,9.677031825501295
2025-06-12,Google,2168606,90047,14601.02,46848.91,3.2086052892195203,4.152298757819539,0.16214887780825568,6.732905839050524
2025-06-12,TikTok,1441919,22237,12366.92,32735.22,2.6469986059584762,1.5421809408156768,0.556141565858704,8.576709232626799
2025-06-13,Facebook,2003913,27855,20376.36,50670.45,2.486727266302715,1.3900304055116166,0.7315153473344104,10.168285748932213
2025-06-13,Google,2226653,96057,16996.62,52094.96,3.0650188096221487,4.313963603668825,0.1769430650551235,7.63325942569408
2025-06-13,TikTok,1727674,26089,13108.62,37794.01,2.8831417799890455,1.5100649775362713,0.5024577408103033,7.587438370896361
2025-06-14,Facebook,1805376,24181,18749.71,48464.21,2.584797844873334,1.339388581658336,0.7753901823745916,10.385487566025027
2025-06-14,Google,2354833,93831,16740.989999999998,51203.4,3.058564636858394,3.984613770912842,0.17841640822329505,7.109204771633486
2025-06-14,TikTok,1498004,22754,10599.26,30058.26,2.8358828823899023,1.5189545555285566,0.4658196361079371,7.075588583208056
2025-06-15,Facebook,1884583,24918,18580.24,47109.35,2.5354543321291865,1.3222023121295268,0.7456553495465126,9.859072272221495
2025-06-15,Google,1980315,82514,14625.23,45414.54,3.105218858096591,4.166710851556444,0.17724543713794022,7.385304863115211
2025-06-15,TikTok,1439541,22060,11391.62,30806.76,2.7043352920831274,1.532432907433689,0.5163925657298277,7.913369608785023
2025-06-16,Facebook,1984820,26938,19931.45,45801.29,2.297940691720873,1.35720115677996,0.7399008835102829,10.041943350026703
2025-06-16,Google,1759692,76935,11378.17,37287.62,3.2771192555569133,4.372071930769702,0.1478932865405862,6.466000868333777
2025-06-16,TikTok,1391870,21489,10596.72,30439.29,2.8725199873168306,1.5438941855201993,0.49312299315929076,7.6132972188494605
2025-06-17,Facebook,1977295,26602,19362.98,51031.44,2.6355158141980213,1.345373350966851,0.727876851364559,9.792661186115375
2025-06-17,Google,1872428,79101,12998.95,41143.45,3.165136414864277,4.224514907916353,0.1643335735325723,6.9422963125951975
2025-06-17,TikTok,1265864,19447,10033.23,28175.25,2.808193373420125,1.5362629792773947,0.5159268781817247,7.925993629647419
2025-06-18,Facebook,1576599,21583,14182.36,37535.36,2.6466229879935357,1.3689593866290668,0.6571079090024556,8.995540400571103
2025-06-18,Google,2016607,86785,14826.369999999999,44296.86,2.987707712676805,4.303515756912478,0.17084023736820877,7.352136534287543
2025-06-18,TikTok,1436919,21022,10642.17,29126.26,2.7368722732299897,1.4629913029196495,0.5062396536961279,7.406242105504903
2025-06-19,Facebook,1360823,18235,13354.41,34858.14,2.610234372016435,1.3399979277246197,0.732350425006855,9.8134805187743
2025-06-19,Google,2246642,96462,14585.59,44013.2,3.0175810508865255,4.2936079713634845,0.15120555244552258,6.4921736529451515
2025-06-19,TikTok,1210604,17705,10278.23,28628.43,2.7853463096272413,1.462493102616545,0.5805269697825473,8.490166891898589
2025-06-20,Facebook,1708920,24007,16498.93,43998.05,2.666721417691935,1.4048053741544366,0.6872549673012038,9.654594714790628
2025-06-20,Google,1767795,74684,11194.77,31827.28,2.843049030931408,4.224697999485234,0.14989515826683092,6.332617752624032
2025-06-20,TikTok,1185619,17412,10418.17,28465.49,2.732292715515297,1.4685999465258233,0.5983327590167701,8.787114578966767
2025-06-21,Facebook,1561667,21346,17520.079999999998,44413.67,2.535015251071913,1.3668727071776505,0.8207664199381616,11.218832183813834
2025-06-21,Google,1610433,69854,10944.34,30536.44,2.790158200494502,4.337591194417898,0.1566744925129556,6.795898991140892
2025-06-21,TikTok,1256031,19137,9945.17,27351.86,2.7502657068707723,1.523608891818753,0.5196828133981293,7.917933554187755
2025-06-22,Facebook,1694355,23666,16651.55,41656.33,2.50164879545748,1.3967556975958404,0.7036064396180174,9.827663034015893
2025-06-22,Google,2142436,92815,13598.78,39570.68,2.909869855972374,4.3322180919290005,0.14651489522167754,6.3473447981643325
2025-06-22,TikTok,1312919,20016,9335.960000000001,27163.47,2.909552954382838,1.5245418795828227,0.46642486011191053,7.110842329191672
2025-06-23,Facebook,1736733,23673,14888.76,37603.33,2.5256186546092487,1.3630765350805218,0.6289342288683311,8.572854894793846
2025-06-23,Google,1582123,63727,11066.67,32916.090000000004,2.9743445860407878,4.027942201712509,0.1736574764228663,6.994822779265582
2025-06-23,TikTok,1629899,24932,15179.230000000001,41478.12,2.7325575803252207,1.5296653350913154,0.6088252045563934,9.312988105397944
2025-06-24,Facebook,1653992,22541,15737.04,39331.44,2.4992908450382028,1.3628240039855088,0.6981518122532275,9.514580481646828
2025-06-24,Google,1605565,68460,9858.34,29965.54,3.039613160024913,4.263919554798466,0.1440014607069822,6.140106442280444
2025-06-24,TikTok,1505915,23051,11992.62,34571.43,2.8827253761063054,1.530697283711232,0.5202646306017092,7.96367656873064
2025-06-25,Facebook,1658971,23097,15734.609999999999,42196.87,2.6817868380595393,1.3922485685403785,0.6812404208338745,9.484560007378066
2025-06-25,Google,2063561,88788,14450.46,47036.8,3.255038247917368,4.302659335003908,0.16275239897283417,7.002681287347454
2025-06-25,TikTok,1080890,16050,8081.62,22469.68,2.780343544982318,1.4848874538574692,0.5035277258566978,7.476820027939938
2025-06-26,Facebook,1461734,19538,13797.25,36198.229999999996,2.623582960372538,1.336631699064262,0.7061751458695875,9.438960850606199
2025-06-26,Google,2079988,85728,15417.36,46005.64,2.984015421576716,4.121562239782152,0.1798404255319149,7.412235070586946
2025-06-26,TikTok,1276814,18938,9802.369999999999,27582.26,2.813835837659668,1.483223084959908,0.5176032315978455,7.6772106195577425
2025-06-27,Facebook,1445469,19381,14267.710000000001,36102.32,2.530351401871779,1.3408104912661565,0.736169960270368,9.870644060854989
2025-06-27,Google,1658618,66652,10039.64,28063.48,2.79526755939456,4.018526267048832,0.1506277381023825,6.053015221105764
2025-06-27,TikTok,1264359,19205,11945.550000000001,32975.26,2.760463938454069,1.5189515003254614,0.6220020827909399,9.4479099686086
2025-06-28,Facebook,1785053,23356,17947.2,45216.45,2.5194152848355174,1.308420534292259,0.7684192498715534,10.05415525477395
2025-06-28,Google,2088261,86547,14417.68,49269.83,3.4173202623445658,4.144453207716851,0.166587865552821,6.904156137570927
2025-06-28,TikTok,1809910,27333,12694.98,38506.369999999995,3.0331965863672092,1.5101855893386964,0.4644561519042915,7.014149874855656
2025-06-29,Facebook,2089409,28595,19311.25,52999.55,2.7444909055602307,1.3685688153922952,0.6753365973072215,9.242446069678078
2025-06-29,Google,1892155,80572,13332.76,41043.03,3.0783596194636367,4.2582135184485415,0.16547634413940326,7.046336055978501
2025-06-29,TikTok,1367842,20542,9595.75,26933.43,2.8068082223901207,1.5017816385225777,0.4671283224612988,7.015247375062325
2025-06-30,Facebook,1882478,25296,21399.47,55432.32,2.5903594808656476,1.343760723896906,0.8459626027830488,11.367713195054604
2025-06-30,Google,1753437,71689,11968.99,37155.42,3.104307046793422,4.08848450215206,0.16695713428838455,6.826016560617804
2025-06-30,TikTok,1598160,24422,13590.65,41092.24,3.0235669375636927,1.5281323522050356,0.5564920972893292,8.503935776142564
2025-07-01,Facebook,1741212,24606,18374.68,49475.450000000004,2.692588387933831,1.4131535964603965,0.7467560757538811,10.552810341302497
2025-07-01,Google,1957760,82638,11998.06,37314.96,3.1100827967188027,4.221048545276234,0.1451881700912413,6.128463141549525
2025-07-01,TikTok,1438124,21571,11725.470000000001,33575.58,2.8634741293952395,1.4999401998714994,0.5435756339529925,8.153309450367285
2025-07-02,Facebook,2129652,28422,19072.62,49851.64,2.6137803825588724,1.3345842419324847,0.6710512982900569,8.955744882262454
2025-07-02,Google,2079780,88112,12122.24,39133.58,3.2282465946887706,4.236601948282991,0.13757762847285274,5.828616488282415
2025-07-02,TikTok,1588600,23083,10500.02,28829.26,2.7456385797360383,1.4530404129422132,0.4548810813152537,6.609605942339167
2025-07-03,Facebook,1850411,24597,17783.62,42724.24,2.4024489951989527,1.3292722535696124,0.7229995527909907,9.610632448683022
2025-07-03,Google,1871950,81819,12713.03,39845.99,3.1342638222359263,4.370789818104116,0.155379923978538,6.791329896631855
2025-07-03,TikTok,1732403,25618,14076.66,39714.45,2.821297807860671,1.4787552318946573,0.549483175891951,8.125511211883147
2025-07-04,Facebook,1904949,26231,19510.89,49233.020000000004,2.5233610563126545,1.376992244936741,0.7438103770348061,10.242211208804015
2025-07-04,Google,2074134,79649,17488.64,53698.79,3.070495475920369,3.8401086911453164,0.21957136938316865,8.431779238949847
2025-07-04,TikTok,1364363,20440,9890.59,26587.54,2.688165215624144,1.4981350271152178,0.48388405088062625,7.249236456866685
2025-07-05,Facebook,1921192,26068,20427.93,53960.49,2.6415055269917214,1.3568659457253622,0.7836400951357987,10.632945587947482
2025-07-05,Google,2359451,97430,14788.59,42883.36,2.899759882449916,4.129350429400738,0.15178682130760546,6.267809757439337
2025-07-05,TikTok,1562762,23686,11148.25,32691.0,2.9323884914672704,1.515649855832174,0.4706683272819387,7.133683823896409
2025-07-06,Facebook,2368672,30615,23686.45,61835.55,2.6105874877830995,1.2924963861606842,0.7736877347705373,9.999886012077654
2025-07-06,Google,1810593,74081,11757.08,35238.229999999996,2.99719233006835,4.091532442685905,0.15870574101321527,6.493496881960772
2025-07-06,TikTok,1743805,25383,13325.52,36171.13,2.7144254032863255,1.4556100022651615,0.5249781349722256,7.641634242360815
2025-07-07,Facebook,2211358,29149,20295.329999999998,52892.97,2.606164570864332,1.318149300113324,0.6962616213249168,9.177767688452073
2025-07-07,Google,3227721,130245,19340.93,58713.69,3.0357221705471247,4.035200068407399,0.14849652577834083,5.99213190979022
2025-07-07,TikTok,1405878,20475,13018.58,37073.29,2.8477214872897045,1.4563852624480929,0.635828083028083,9.260106495727225
2025-07-08,Facebook,1823033,23795,17916.45,47185.84,2.633660127982943,1.305242417443897,0.7529501996217693,9.82782538769183
2025-07-08,Google,2244837,86921,14617.710000000001,43017.63,2.942843304457401,3.872040598047876,0.1681723634104532,6.511702185949359
2025-07-08,TikTok,1682569,25345,15477.46,44921.51,2.9023825614797265,1.5063275265382876,0.6106711382915763,9.198707452710707
2025-07-09,Facebook,2300391,31138,23495.88,61887.28,2.633963060757886,1.3535959756406628,0.7545725480120753,10.21386364318066
2025-07-09,Google,2715398,114691,19028.53,57852.39,3.0402973850318444,4.22372705584964,0.16591127464229974,7.007639395771816
2025-07-09,TikTok,1563164,23457,12996.57,37352.54,2.8740306096146906,1.5006103006466371,0.5540593426269343,8.31427156715482
2025-07-10,Facebook,2333249,31123,22159.26,60253.23,2.719099374257083,1.333891067777164,0.7119898467371397,9.497168969107026
2025-07-10,Google,1956084,81186,12575.11,40044.33,3.184411905740785,4.150435257381585,0.15489259231887273,6.428716762674814
2025-07-10,TikTok,1431939,20830,11448.98,32976.84,2.880329950790376,1.454670904277347,0.5496389822371579,7.995438353170072
2025-07-11,Facebook,1950544,27358,21882.49,56744.92,2.5931655858177014,1.402583074260309,0.7998570801959208,11.218660025100691
2025-07-11,Google,2129435,86964,12820.15,40492.45,3.1585004855637413,4.083900189486882,0.14741904696196126,6.0204467382192925
2025-07-11,TikTok,1388343,20651,11460.52,31256.16,2.727289861193035,1.487456629953837,0.5549619873129631,8.254818874010242
2025-07-12,Facebook,2009518,26083,19339.989999999998,50197.09,2.5955075467981112,1.2979729467464336,0.7414787409423762,9.624193463308115
2025-07-12,Google,1873949,79761,11643.8,33516.03,2.8784443223002802,4.256305801278477,0.14598362608292273,6.213509545884119
2025-07-12,TikTok,1640271,24925,14384.43,36143.34,2.512670992176958,1.519565974159148,0.5771085255767302,8.769544788635535
2025-07-13,Facebook,2034295,27200,19532.52,50491.08,2.584975210571908,1.3370725484750245,0.7181073529411764,9.601616284757128
2025-07-13,Google,1874869,80222,12412.5,38499.84,3.101699093655589,4.278805612552131,0.15472688289995262,6.620462549650136
2025-07-13,TikTok,1530705,22595,12727.27,35748.99,2.808849816182103,1.4761172139635004,0.563278158884709,8.314645865793866
2025-07-14,Facebook,1545635,20327,17015.66,45570.75,2.678165290091598,1.3151229106483742,0.8370964726718158,11.008847496336458
2025-07-14,Google,2050862,92397,16004.14,48624.380000000005,3.0382376060194427,4.5052763179580095,0.17321060207582498,7.803616235514627
2025-07-14,TikTok,1671695,26045,13786.76,40391.25,2.929713000008704,1.5579995154618516,0.5293438279900173,8.247174275211686
2025-07-15,Facebook,1724724,24106,18405.94,47891.92,2.601981751543252,1.3976729030268031,0.7635418567991371,10.671817635749255
2025-07-15,Google,1898287,82350,13287.130000000001,38033.76,2.862451108704438,4.338121685498558,0.16134948391013967,6.9995369509457745
2025-07-15,TikTok,1164489,17217,10333.560000000001,28116.6,2.7209016060292868,1.4785025878303704,0.6001951559505141,8.873900912760877
2025-07-16,Facebook,1745777,23081,20115.21,53110.75,2.6403278911828414,1.3221047132594828,0.8715051340929769,11.522210454141621
2025-07-16,Google,1931654,83173,13415.82,42842.17,3.1934067392078904,4.305791824001607,0.16130018154930084,6.945250029249545
2025-07-16,TikTok,1485926,22491,12283.32,35847.28,2.9183706033873578,1.5136016194615345,0.5461437908496732,8.266441262889268
2025-07-17,Facebook,1678803,23191,14131.09,37636.21,2.6633621327158767,1.3814009148184747,0.6093350868871545,8.4173604645691
2025-07-17,Google,2187586,91090,11586.85,36572.13,3.1563479289021603,4.163950582971367,0.12720221758700187,5.296637480766471
2025-07-17,TikTok,1554938,22394,12016.52,35596.16,2.962268610213273,1.4401860395719956,0.5365955166562473,7.727973719852496
2025-07-18,Facebook,1534570,21712,15989.55,43816.67,2.740331654111592,1.4148588855510011,0.736438375092115,10.4195637865982
2025-07-18,Google,1682464,67484,11306.27,32844.75,2.9050031531176947,4.011021929741141,0.1675400094837295,6.720066521482778
2025-07-18,TikTok,1436007,21623,11981.77,33760.6,2.8176638343082865,1.5057726041725423,0.5541215372520002,8.343810301760369
2025-07-19,Facebook,1808064,24340,14972.630000000001,38593.86,2.5776273106328014,1.3461912852642386,0.615145028759244,8.281028768893139
2025-07-19,Google,1462529,63137,10143.73,31839.61,3.1388463612497572,4.316974227519591,0.1606622107480558,6.93574623135678
2025-07-19,TikTok,1442343,20522,9296.41,25918.33,2.787993429721796,1.4228238359391627,0.45299727122112854,6.445353151088195
2025-07-20,Facebook,1590908,21815,12240.75,32723.329999999998,2.6733108673896613,1.3712295117002364,0.5611162044464818,7.694190990302393
2025-07-20,Google,1954807,83660,13674.39,44067.72,3.2226461290046577,4.279706385336251,0.1634519483624193,6.99526347102297
2025-07-20,TikTok,1179992,16920,10689.41,31478.86,2.9448641225287457,1.433908026495095,0.6317618203309693,9.058883450057289
2025-07-21,Facebook,1749181,24563,18395.13,48575.81,2.6406885952966896,1.4042571923660274,0.7488959003379067,10.51642454382937
2025-07-21,Google,1955419,84433,11727.03,34633.7,2.953322367214887,4.317898107771276,0.13889154714388924,5.997195485980243
2025-07-21,TikTok,1513163,22708,13100.2,36183.91,2.762088365063129,1.5006975454726292,0.5768980095120663,8.657494268628033
2025-07-22,Facebook,1870222,24855,16798.09,44164.64,2.6291465279683583,1.3289866122845309,0.6758434922550794,8.981869532066247
2025-07-22,Google,1628947,67408,12243.45,35870.01,2.9297305906423436,4.138133407655375,0.18163200213624497,7.516174559393277
2025-07-22,TikTok,1100616,16262,8777.25,25759.25,2.9347745592298273,1.47753621608263,0.5397398843930635,7.974852264550034
2025-07-23,Facebook,1908589,25923,20631.82,51129.87,2.4782045403653195,1.358228513315334,0.795888593141226,10.8099858062684
2025-07-23,Google,1864082,76186,14130.61,45597.93,3.2268904173280557,4.087051964452208,0.18547515291523378,7.580465880792798
2025-07-23,TikTok,1701017,26030,14197.849999999999,39337.83,2.7706892240726595,1.530261014440185,0.5454417979254705,8.346683190115089
2025-07-24,Facebook,1508352,20410,14050.72,36426.229999999996,2.592481381737021,1.353132425322471,0.6884233219010288,9.315279192124914
2025-07-24,Google,1744942,75651,10346.03,31629.6,3.0571726546317763,4.335444960348252,0.13675998995386712,5.929154092227708
2025-07-24,TikTok,1226688,18741,9472.53,25924.73,2.73683271523025,1.5277723430896855,0.5054442132223468,7.722036899358272
2025-07-25,Facebook,1661436,22804,17687.19,47385.08,2.67906207826116,1.3725476033985058,0.7756178740571829,10.645724541902306
2025-07-25,Google,1484740,59116,9043.93,26500.05,2.930147623875903,3.981572531217587,0.15298616279856553,6.091255034551504
2025-07-25,TikTok,1597281,24964,14641.779999999999,43744.5,2.9876490426710416,1.5629059633214193,0.586515782727127,9.166690144063567
2025-07-26,Facebook,1542052,20804,16849.49,43196.41,2.56366275774519,1.3491114437126634,0.8099158815612383,10.926667842588966
2025-07-26,Google,2162961,88703,13818.11,43613.04,3.1562232461602924,4.100998584810359,0.155779511403222,6.388515558070627
2025-07-26,TikTok,1555648,23187,11800.78,33912.36,2.873738854550292,1.4905042786028717,0.5089394919566999,7.58576490311433
2025-07-27,Facebook,1566093,21829,15119.810000000001,38783.64,2.5650877888015784,1.393850812180375,0.6926478537725045,9.65447773535799
2025-07-27,Google,2204166,92606,14803.539999999999,44591.380000000005,3.0122105928717056,4.201407697968302,0.15985508498369436,6.716163846098706
2025-07-27,TikTok,1566799,22858,14056.78,39454.67,2.806807106606207,1.4588980462714107,0.6149610639601015,8.9716549474438
2025-07-28,Facebook,1516926,21005,14419.25,39901.76,2.7672562719975033,1.3847082850448869,0.6864675077362533,9.505572453765048
2025-07-28,Google,1926328,80970,10334.529999999999,33888.26,3.27912928793085,4.20333401165326,0.12763406199827096,5.364885938427931
2025-07-28,TikTok,1507242,23090,12876.519999999999,37973.020000000004,2.949012621422559,1.5319371408174667,0.5576665223040277,8.54310057708052
2025-07-29,Facebook,1657603,22358,17704.5,45813.869999999995,2.5876963483860034,1.3488151264205,0.7918642096788622,10.680784240858637
2025-07-29,Google,2552896,100877,13776.22,41454.03,3.0091004644234776,3.9514731504926166,0.13656452907996866,5.396310699691644
2025-07-29,TikTok,1362162,20428,12767.76,36289.81,2.842300450509721,1.4996747817073153,0.6250127276287448,9.373158258709317
2025-07-30,Facebook,1903918,27813,20031.65,53555.43,2.673540621965739,1.4608297206077152,0.7202261532376947,10.521277702085909
2025-07-30,Google,2787427,103503,16233.23,46623.700000000004,2.8721147916958,3.7132093504152754,0.15683825589596437,5.823732782957186
2025-07-30,TikTok,1598117,24046,14315.619999999999,40563.28,2.8334979553802073,1.5046457800023403,0.5953430924062214,8.957804716425642
2025-07-31,Facebook,1642780,22175,16018.810000000001,42095.08,2.627853130163851,1.3498459927683562,0.7223815107102594,9.751037874821948
2025-07-31,Google,1957089,83750,12695.06,39192.92,3.087257563178118,4.279314839539745,0.15158280597014925,6.486705510071336
2025-07-31,TikTok,1713351,25082,14668.65,41876.0,2.854795771935386,1.4639148662474881,0.5848277649310262,8.561380592768206
2025-08-01,Facebook,1920352,26285,17844.63,46127.950000000004,2.5849765447644475,1.368759477429138,0.6788902415826518,9.292374523004117
2025-08-01,Google,2514215,106730,15003.439999999999,49191.119999999995,3.27865609486891,4.245062574203081,0.1405737843155626,5.96744510712091
2025-08-01,TikTok,1393400,20532,11350.15,31410.32,2.767392501420686,1.4735180134921775,0.5528029417494642,8.145650925793024
2025-08-02,Facebook,2083450,28332,19858.08,54411.88,2.740037304714252,1.3598598478485204,0.7009063955950869,9.531344644699898
2025-08-02,Google,1848330,73331,13443.39,38593.28,2.8707997015633704,3.9674192379066513,0.1833247876068784,7.273262891366801
2025-08-02,TikTok,1564400,22905,14088.18,39504.57,2.8040932185704612,1.4641396062388135,0.6150700720366732,9.005484530810534
2025-08-03,Facebook,2087448,28556,19562.3,53383.49,2.7288963976628513,1.3679861725896885,0.6850504272307045,9.371395119782624
2025-08-03,Google,2381422,99802,16892.510000000002,49576.8,2.934839168365151,4.190857395287353,0.16926023526582637,7.093455086918658
2025-08-03,TikTok,1700182,26315,12758.56,35232.4,2.7614715140266615,1.5477754734493132,0.4848398251947558,7.5042318998789534
2025-08-04,Facebook,1999573,26329,21895.510000000002,57630.16,2.6320537863698994,1.3167311220945672,0.831611910820768,10.95009284482237
2025-08-04,Google,2004196,82957,12878.33,38206.73,2.966745688299648,4.139166029669753,0.1552410284846366,6.425683915146024
2025-08-04,TikTok,1461145,22042,12405.01,35311.58,2.846557963274516,1.5085429577488887,0.5627896742582343,8.489923997960505
2025-08-05,Facebook,2120173,28275,19942.129999999997,51199.83,2.567420330726959,1.3336175868667322,0.7052919540229884,9.4058975376066
2025-08-05,Google,2175546,88132,12555.55,38635.35,3.0771531314836866,4.0510290290345505,0.14246301003040893,5.771217891968269
2025-08-05,TikTok,1770454,26344,14788.460000000001,41997.840000000004,2.8399062512256177,1.487979919274943,0.5613597023990283,8.352919646599123
2025-08-06,Facebook,1585076,21282,16557.07,44660.35,2.697358288634402,1.3426485543910829,0.7779846818907997,10.445600084790888
2025-08-06,Google,2356034,102010,15327.16,47043.159999999996,3.069267887853979,4.329733781430998,0.15025154396627782,6.505491856229579
2025-08-06,TikTok,1565804,23302,11159.48,30280.55,2.713437364465011,1.4881811516639376,0.4789065316281864,7.126996737778163
2025-08-07,Facebook,1979371,26965,19098.25,49565.83,2.595307423455029,1.3623014583925903,0.7082607083256073,9.648645958741438
2025-08-07,Google,2561678,108848,15094.17,45719.02,3.028919112478526,4.249089854384509,0.13867200132294577,5.892297939085241
2025-08-07,TikTok,1539238,23715,11821.02,35591.159999999996,3.010836628311262,1.5406974100171644,0.49846173308032893,7.679787011495298
2025-08-08,Facebook,1961928,26731,17118.41,44427.4,2.5952994466191663,1.3624862889973535,0.6403954210467248,8.725299807128499
2025-08-08,Google,2848294,117837,19077.16,57651.71,3.0220279119114166,4.137108037302329,0.16189448135984452,6.6977496002870485
2025-08-08,TikTok,1389753,21920,10985.71,32464.43,2.95515082775715,1.57725869273173,0.5011729014598539,7.904793153891374
2025-08-09,Facebook,1958863,25435,18108.440000000002,45671.56,2.522114549900488,1.2984573193735345,0.711949675643798,9.244362673653033
2025-08-09,Google,2644718,114677,14241.63,44477.4,3.123055436772336,4.336076662993937,0.12418907017100203,5.3849332896739845
2025-08-09,TikTok,1881746,29118,16057.75,47404.740000000005,2.9521408665597613,1.547392687429653,0.5514715983240607,8.533431185717946
2025-08-10,Facebook,2145238,29113,18290.04,49652.270000000004,2.7147163155466036,1.3570988393828565,0.62824305293168,8.525879179839253
2025-08-10,Google,2646302,104264,16759.25,49299.99,2.9416584871041365,3.9399887087717125,0.16073860584669686,6.333082920996923
2025-08-10,TikTok,1513379,22490,12221.6,35469.12,2.9021666557570205,1.4860785037984536,0.5434237438861717,8.07570344242916
2025-08-11,Facebook,1980138,26575,18918.21,50302.98,2.6589714354582177,1.342078178389587,0.7118799623706491,9.553985631304483
2025-08-11,Google,2243747,92924,14901.02,46655.56,3.1310312985285567,4.1414651473628705,0.1603570659894107,6.6411319992851245
2025-08-11,TikTok,1604394,23016,14531.24,38158.07,2.625933506018757,1.4345603386699277,0.6313538408063956,9.057151796877823
2025-08-12,Facebook,1688562,23134,16763.48,41902.26,2.499615831557648,1.3700414909254146,0.7246252269387049,9.927666262772703
2025-08-12,Google,2289787,95917,13295.619999999999,37862.78,2.8477633987734308,4.188904906875618,0.1386158866520012,5.806487677674823
2025-08-12,TikTok,1370597,20757,11255.45,34468.89,3.0624177620619344,1.5144495427904774,0.5422483981307511,8.212078386279847
2025-08-13,Facebook,1796520,24859,18600.75,46679.13,2.5095294544574815,1.3837307683744127,0.7482501307373587,10.353767283414602
2025-08-13,Google,2132541,90143,14619.19,43946.729999999996,3.006098833109084,4.22702306778627,0.16217776200037717,6.855291410575459
2025-08-13,TikTok,1595513,24112,9735.539999999999,27350.620000000003,2.8093582893193396,1.5112380782857928,0.4037632714001327,6.101824303531215
2025-08-14,Facebook,1782552,23550,16135.29,40324.5,2.4991493800235385,1.3211395796588261,0.6851503184713377,9.051792037483338
2025-08-14,Google,2022396,83124,10537.73,33388.12,3.1684357067413953,4.110174268540879,0.1267712092777056,5.210517623650363
2025-08-14,TikTok,1211457,18053,9602.3,26076.86,2.7156889495225105,1.4901890863646006,0.5318949759042818,7.92624088184723
2025-08-15,Facebook,1698845,22892,16339.65,42318.66,2.589936748951171,1.347503745191586,0.7137711864406779,9.618093469386553
2025-08-15,Google,1678996,66928,9082.28,25499.46,2.8076055792157915,3.9861917479255458,0.13570224719101123,5.409351779277616
2025-08-15,TikTok,1608255,23691,10273.220000000001,27227.449999999997,2.6503326123649638,1.4730872902618055,0.43363386940188264,6.387805416429609
2025-08-16,Facebook,1869251,24713,19140.54,50540.32,2.640485587135995,1.3220803412703805,0.7745130093473072,10.239684237162372
2025-08-16,Google,2405929,95850,16214.8,48044.82,2.96302267064657,3.983908087063251,0.16916849243609805,6.739517250924695
2025-08-16,TikTok,1580144,24220,13103.79,39692.16,3.029059531631688,1.5327716967567513,0.5410317919075145,8.292782176814265
2025-08-17,Facebook,2001714,26523,21723.41,55962.9,2.5761563216824617,1.325014462605547,0.8190404554537571,10.852404489352624
2025-08-17,Google,2242408,96633,16946.43,56723.08,3.347199380636512,4.309340673062172,0.17536897333209153,7.557246495731374
2025-08-17,TikTok,1485591,22773,10569.45,30217.87,2.8589822554626774,1.5329252802420046,0.4641219865630352,7.114643263186167
2025-08-18,Facebook,1626882,22280,17311.55,41185.69,2.3790873723034625,1.3694908419909988,0.7769995511669658,10.640937695542762
2025-08-18,Google,1928365,76836,10404.14,33216.71,3.1926435053738222,3.984515379609151,0.13540710083814878,5.395316757978909
2025-08-18,TikTok,1258750,18932,9087.12,27699.649999999998,3.048232003098891,1.5040317775571002,0.4799873230509191,7.219161866931481
2025-08-19,Facebook,1524275,20832,14727.51,38865.81,2.6389939643565,1.3666825211986027,0.7069657258064517,9.661977005461612
2025-08-19,Google,1712526,68713,11122.48,38125.55,3.427792183038316,4.012377038363213,0.1618686420328031,6.494780225234536
2025-08-19,TikTok,1444683,21790,11804.92,34046.82,2.884121196924672,1.5082893617492557,0.5417586048646168,8.1712874035342
2025-08-20,Facebook,1729817,23241,16854.34,44156.0,2.619859335933653,1.3435525260764578,0.7251985714900392,9.743423726324808
2025-08-20,Google,1531860,63011,10790.98,33861.61,3.1379550328144434,4.113365451150888,0.17125549507228896,7.044364367500946
2025-08-20,TikTok,1498384,22731,12245.19,34807.01,2.8425046895964865,1.517034351674871,0.5387000131978356,8.17226425268823
2025-08-21,Facebook,1640148,22031,14563.16,38568.53,2.648362717981537,1.3432324399993172,0.6610303663020289,8.879174318415167
2025-08-21,Google,1656301,71731,10501.51,31373.47,2.987519889996772,4.330794946087698,0.14640127699321076,6.340339105029823
2025-08-21,TikTok,1459730,22037,12138.32,34699.65,2.8586863750502545,1.50966274585026,0.55081544674865,8.315455597953045
2025-08-22,Facebook,1399202,19916,13805.38,38691.659999999996,2.802650850610414,1.4233827567427721,0.6931803575015063,9.866609681804343
2025-08-22,Google,1899886,78020,11188.08,35943.11,3.2126254013199764,4.106562183204677,0.14340015380671622,5.888816486883949
2025-08-22,TikTok,1561090,24264,11428.189999999999,32985.869999999995,2.8863599572635734,1.5542985990557878,0.4709936531486976,7.320647752531883
2025-08-23,Facebook,1708137,22369,18540.8,50884.46,2.7444587072833966,1.3095553810964813,0.8288613706468774,10.854398681136232
2025-08-23,Google,1931683,83544,14331.2,42449.700000000004,2.9620478396784637,4.324933231798385,0.17154074499664848,7.419022686434576
2025-08-23,TikTok,1657118,24988,14153.4,40926.18,2.8916147356818858,1.5079191705116957,0.5664078757803745,8.540972942180339
2025-08-24,Facebook,1655306,21383,18193.56,46830.36,2.5740075059526557,1.2917853254926883,0.8508422578684002,10.991055430234653
2025-08-24,Google,2391638,99421,16389.41,47170.06,2.8780816393024518,4.1570254361236945,0.1648485732390541,6.852797120634477
2025-08-24,TikTok,1412766,20822,11148.23,32270.559999999998,2.8946801420494555,1.4738463411492067,0.5354063010277591,7.891066177979933
2025-08-25,Facebook,1400426,18631,14376.61,39075.6,2.7179981928980474,1.3303808983837775,0.7716499382749181,10.265883381199721
2025-08-25,Google,2175119,91624,13864.6,40957.94,2.954137876318105,4.212367231402052,0.15132061468610844,6.374179987393793
2025-08-25,TikTok,1324982,19831,11870.89,33878.58,2.853920809644433,1.4966995778055852,0.5986026927537693,8.959283975178531
2025-08-26,Facebook,1649785,22040,18172.27,48433.86,2.665261962319512,1.33593165170007,0.8245131578947369,11.014932248747565
2025-08-26,Google,2291469,97219,15748.96,45079.94,2.862407422458372,4.242649584175042,0.161994671823409,6.872866270501587
2025-08-26,TikTok,1487367,21501,10105.19,28967.11,2.8665576797665357,1.4455746295299008,0.4699869773498907,6.794012506664462
2025-08-27,Facebook,1641459,22287,13374.79,35646.4,2.6651932478939857,1.3577555089709825,0.6001162112442231,8.148110918396378
2025-08-27,Google,1741260,73567,12715.19,38760.83,3.048387794441137,4.22492907434846,0.17283822909728547,7.302292592720214
2025-08-27,TikTok,1530789,23221,12947.93,36592.18,2.826102705220062,1.5169301582386598,0.5575957107790362,8.458337497852416
2025-08-28,Facebook,1900843,24820,21393.02,55406.54,2.589935408838958,1.3057364548255694,0.8619266720386785,11.254490770673854
2025-08-28,Google,2145375,91045,13915.619999999999,42859.75,3.0799741585355163,4.243780224902406,0.15284331923773956,6.486334556895647
2025-08-28,TikTok,1543554,23634,12629.8,36262.96,2.8712220304359533,1.5311417676349515,0.5343911314208344,8.18228581572138
2025-08-29,Facebook,1428391,19497,12985.78,35151.89,2.706952528073015,1.364962394750457,0.6660399035749089,9.091194217829713
2025-08-29,Google,1986055,82561,11075.369999999999,35525.4,3.2076038994634044,4.157034926021686,0.13414772107895978,5.576567617714514
2025-08-29,TikTok,1541778,23503,11761.61,32025.78,2.7229078331963055,1.5244088318811138,0.5004301578521891,7.62860152369537
2025-08-30,Facebook,2053830,29314,18689.95,48980.409999999996,2.6206817032683336,1.427284634073901,0.6375776079688886,9.100047228835882
2025-08-30,Google,2040779,83832,14053.24,43779.04,3.115227520486379,4.107843132450893,0.16763574768584788,6.8862135488458085
2025-08-30,TikTok,1361530,20318,11392.630000000001,32537.76,2.856035875824985,1.492291760005288,0.5607161137907275,8.367520363120901
2025-08-31,Facebook,1839414,24488,18833.39,49680.91,2.6379164876849046,1.3312935532729446,0.7690864913426985,10.238798878338427
2025-08-31,Google,1959012,81327,12817.47,40099.86,3.128531605691295,4.151429394000649,0.1576041167140064,6.542823627420352
2025-08-31,TikTok,1912886,28930,13683.22,38267.04,2.7966399721702935,1.5123744959187324,0.4729768406498444,7.15318110959043
2025-09-01,Facebook,2032689,26458,20136.96,51975.520000000004,2.581100622934147,1.301625580696309,0.7610915413107566,9.906562194216626
2025-09-01,Google,2231394,97146,11399.76,34218.55,3.0016903864642765,4.353601381020115,0.11734667407819159,5.108806423249323
2025-09-01,TikTok,1706434,24802,13343.68,36648.35,2.7464949699033547,1.4534403322953011,0.5380082251431336,7.819628535296413
2025-09-02,Facebook,1885153,25692,19430.95,49909.48,2.5685558348922726,1.362860202858866,0.7563035186050132,10.307359667889026
2025-09-02,Google,2690124,105825,19728.61,59329.81,3.007298030626587,3.9338335333241146,0.18642674226317033,7.333717702232314
2025-09-02,TikTok,1336778,19984,10516.25,28502.48,2.710327350528943,1.4949378281210493,0.5262334867894315,7.8668634582555965
2025-09-03,Facebook,2037966,27572,19985.86,50168.58,2.5102037140258164,1.3529175658475165,0.7248607282750616,9.806768120763545
2025-09-03,Google,2563623,110418,18377.21,54801.73,2.982048417578077,4.307107558326634,0.1664330996757775,7.168452615692712
2025-09-03,TikTok,1570007,22897,13544.74,39124.85,2.8885641215704396,1.458401140886633,0.5915508581910294,8.62718446478264
2025-09-04,Facebook,1966255,25836,20912.39,54413.78,2.6019876255176957,1.313969958118352,0.8094283170769468,10.63564491889404
2025-09-04,Google,2046818,83687,15055.07,45240.95,3.0050308633569953,4.088639048513351,0.1798973556227371,7.355353529234158
2025-09-04,TikTok,1471527,21658,10984.98,31313.98,2.8506178436374032,1.471804458905613,0.5072019577061594,7.465021029175815
2025-09-05,Facebook,1652546,22729,14647.44,36924.1,2.5208568869372394,1.3753928786248613,0.6444383826829161,8.86355962254606
2025-09-05,Google,1979673,79390,14065.79,41191.43,2.9284832206367364,4.010258259823718,0.1771733215770248,7.105107762746676
2025-09-05,TikTok,1628153,25244,14222.76,40184.32,2.825353166333398,1.5504685370478082,0.5634115037236571,8.735518099343244
2025-09-06,Facebook,2365251,32843,23879.52,60179.58,2.5201335705240306,1.3885629897207528,0.7270809609353591,10.0959771288544
2025-09-06,Google,2059487,82724,12625.88,39103.71,3.0971076867513396,4.016728437712887,0.15262656544654513,6.130594657795848
2025-09-06,TikTok,1819561,27985,15347.7,42614.26,2.776589326087948,1.5380083437708327,0.54842594246918,8.434836754579814
2025-09-07,Facebook,2155236,27693,22850.93,60349.55,2.641010672213341,1.2849172898002816,0.8251518434261366,10.602518703288178
2025-09-07,Google,2193312,85786,14741.05,46209.81,3.134770589612002,3.9112538480617443,0.17183514792623505,6.720908835587458
2025-09-07,TikTok,1955541,28943,16688.67,47712.47,2.858973782811932,1.4800507890143955,0.5766047058010572,8.534042497702682
2025-09-08,Facebook,1755006,24757,16444.420000000002,42710.630000000005,2.5972719013501235,1.4106504479186965,0.6642331461808783,9.37000785182501
2025-09-08,Google,2136741,86427,17078.07,56713.75,3.3208524148220495,4.044804681522001,0.19760109687944738,7.992578417318711
2025-09-08,TikTok,1712415,25404,15956.02,43680.4,2.7375498401230383,1.4835188899887002,0.6280908518343568,9.31784643325362
2025-09-09,Facebook,2109003,29059,21668.12,56526.83,2.6087556280840243,1.3778548442083771,0.745659520286314,10.274105821565925
2025-09-09,Google,2644125,110779,14439.6,44599.96,3.0887254494584337,4.189627948754314,0.13034600420657344,5.461012622323074
2025-09-09,TikTok,1773415,26879,16163.210000000001,48574.869999999995,3.005273704913813,1.5156632824240237,0.6013322668254028,9.114172373640688
2025-09-10,Facebook,1857975,24908,18648.9,47583.92,2.5515671165591534,1.340599308386819,0.7487112574273327,10.037217938885076
2025-09-10,Google,2059288,86317,11300.8,34186.57,3.0251460073623107,4.191594376308705,0.13092206633687453,5.4877219699235855
2025-09-10,TikTok,1554124,24055,11349.46,32703.8,2.8815291652642507,1.5478172912843506,0.47181292870505087,7.302802093011882
2025-09-11,Facebook,1929203,25768,17829.38,48311.76,2.7096713402260764,1.335681107690585,0.6919194349580876,9.241837173174623
2025-09-11,Google,1920235,83578,13380.92,41316.6,3.087724909796935,4.352488106924413,0.16010098351240756,6.968376266446555
2025-09-11,TikTok,1484479,21865,12797.57,36828.37,2.877762731518562,1.472907329776979,0.5852993368396981,8.620916833447964
2025-09-12,Facebook,1954647,26114,19246.12,49420.38,2.5678100313205987,1.3359957066416597,0.737003905950831,9.846340541284436
2025-09-12,Google,2286187,94815,15182.4,49050.15,3.230724391400569,4.147298536821353,0.1601265622528081,6.6409265733730445
2025-09-12,TikTok,1528333,22089,11147.38,30794.13,2.762454496034046,1.445300206172346,0.5046575218434515,7.293816203667656
